creative_id,scheduled_date,time_slot,series,hook,beat1_prompt,beat2_prompt,beat3_prompt,ref_url,status,rendered_at
MILO-D01-MOR,2026-09-19,morning,milo,The CEO fired me for sleeping in the meeting.,"Cartoonish 3D animated vertical 9:16 video, Pixar-style. The reference image is the ONLY main character on camera in this scene: single fluffy orange tabby cat, big green eyes, small white chest, loose sky-blue tie. Character sits at a small desk, rubs his eyes and says the hook to camera. The character speaks in a slightly whiny, deadpan, put-upon male cat voice, mouth in sync. Exaggerated cartoon expressions, warm lighting. No other characters speak in this scene. No other characters appear on camera unless described.","Cartoonish 3D animated vertical 9:16 video, Pixar-style. The reference image is the ONLY main character on camera in this scene: single fluffy orange tabby cat, big green eyes, small white chest, loose sky-blue tie. Character hops onto a chair, opens a laptop, taps the screen with a paw, leans in and says: But he doesn't know I had the security cam running.. The character speaks in a slightly whiny, deadpan, put-upon male cat voice, mouth in sync. Exaggerated cartoon expressions, warm lighting. No other characters speak in this scene. No other characters appear on camera unless described.","Cartoonish 3D animated vertical 9:16 video, Pixar-style. The reference image is the ONLY main character on camera in this scene: single fluffy orange tabby cat, big green eyes, small white chest, loose sky-blue tie. Character grins smugly to camera as a small pigeon on his laptop screen behind him drags papers into a vent, and says: Turns out the pigeon in accounting has been leaking to Finance.. The character speaks in a slightly whiny, deadpan, put-upon male cat voice, mouth in sync. Exaggerated cartoon expressions, warm lighting. No other characters speak in this scene. No other characters appear on camera unless described.",https://raw.githubusercontent.com/dkgrissom-tech/Ora-auto/main/brands/toolstack/assets/refs/milo_ref.png,rendered,2026-09-20T17:48:56.230677+00:00
MILO-D01-EVE,2026-09-21,evening,milo,The CEO fired me for sleeping in the meeting.,"Cartoonish 3D animated vertical 9:16 video, Pixar-style. The reference image is the ONLY main character on camera in this scene: single fluffy orange tabby cat, big green eyes, small white chest, loose sky-blue tie. Character sits at a small desk, rubs his eyes and says the hook to camera. The character speaks in a slightly whiny, deadpan, put-upon male cat voice, mouth in sync. Exaggerated cartoon expressions, warm lighting. No other characters speak in this scene. No other characters appear on camera unless described.","Cartoonish 3D animated vertical 9:16 video, Pixar-style. The reference image is the ONLY main character on camera in this scene: single fluffy orange tabby cat, big green eyes, small white chest, loose sky-blue tie. Character hops onto a chair, opens a laptop, taps the screen with a paw, leans in and says: But he doesn't know I had the security cam running.. The character speaks in a slightly whiny, deadpan, put-upon male cat voice, mouth in sync. Exaggerated cartoon expressions, warm lighting. No other characters speak in this scene. No other characters appear on camera unless described.","Cartoonish 3D animated vertical 9:16 video, Pixar-style. The reference image is the ONLY main character on camera in this scene: single fluffy orange tabby cat, big green eyes, small white chest, loose sky-blue tie. Character grins smugly to camera as a small pigeon on his laptop screen behind him drags papers into a vent, and says: Turns out the pigeon in accounting has been leaking to Finance.. The character speaks in a slightly whiny, deadpan, put-upon male cat voice, mouth in sync. Exaggerated cartoon expressions, warm lighting. No other characters speak in this scene. No other characters appear on camera unless described.",https://raw.githubusercontent.com/dkgrissom-tech/Ora-auto/main/brands/toolstack/assets/refs/milo_ref.png,queued,
RITA-D02-MOR,2026-09-22,morning,rita,A package showed up on my porch. Not mine.,"Cartoonish 3D animated vertical 9:16 video, Pixar-style. The reference image is the ONLY main character on camera in this scene: single clever raccoon, dark eye mask, small pink backpack. Character creeps up to a cardboard box on a porch and whispers the hook to camera. The character speaks in a confident, mischievous female raccoon voice, mouth in sync. Exaggerated cartoon expressions, warm lighting. No other characters speak in this scene. No other characters appear on camera unless described.","Cartoonish 3D animated vertical 9:16 video, Pixar-style. The reference image is the ONLY main character on camera in this scene: single clever raccoon, dark eye mask, small pink backpack. Character pulls out a small pink notebook, licks a paw, and says: Standard procedure — inspect the label, then eat the treats.. The character speaks in a confident, mischievous female raccoon voice, mouth in sync. Exaggerated cartoon expressions, warm lighting. No other characters speak in this scene. No other characters appear on camera unless described.","Cartoonish 3D animated vertical 9:16 video, Pixar-style. The reference image is the ONLY main character on camera in this scene: single clever raccoon, dark eye mask, small pink backpack. Character holds up an empty snack bag with a proud grin and says: Case closed. Amazon has my address now.. The character speaks in a confident, mischievous female raccoon voice, mouth in sync. Exaggerated cartoon expressions, warm lighting. No other characters speak in this scene. No other characters appear on camera unless described.",https://raw.githubusercontent.com/dkgrissom-tech/Ora-auto/main/brands/toolstack/assets/refs/rita_ref.png,queued,
RITA-D02-EVE,2026-09-22,evening,rita,A package showed up on my porch. Not mine.,"Cartoonish 3D animated vertical 9:16 video, Pixar-style. The reference image is the ONLY main character on camera in this scene: single clever raccoon, dark eye mask, small pink backpack. Character creeps up to a cardboard box on a porch and whispers the hook to camera. The character speaks in a confident, mischievous female raccoon voice, mouth in sync. Exaggerated cartoon expressions, warm lighting. No other characters speak in this scene. No other characters appear on camera unless described.","Cartoonish 3D animated vertical 9:16 video, Pixar-style. The reference image is the ONLY main character on camera in this scene: single clever raccoon, dark eye mask, small pink backpack. Character pulls out a small pink notebook, licks a paw, and says: Standard procedure — inspect the label, then eat the treats.. The character speaks in a confident, mischievous female raccoon voice, mouth in sync. Exaggerated cartoon expressions, warm lighting. No other characters speak in this scene. No other characters appear on camera unless described.","Cartoonish 3D animated vertical 9:16 video, Pixar-style. The reference image is the ONLY main character on camera in this scene: single clever raccoon, dark eye mask, small pink backpack. Character holds up an empty snack bag with a proud grin and says: Case closed. Amazon has my address now.. The character speaks in a confident, mischievous female raccoon voice, mouth in sync. Exaggerated cartoon expressions, warm lighting. No other characters speak in this scene. No other characters appear on camera unless described.",https://raw.githubusercontent.com/dkgrissom-tech/Ora-auto/main/brands/toolstack/assets/refs/rita_ref.png,queued,
BARKLEY-D03-MOR,2026-09-23,morning,barkley,The evidence disappeared from the desk. Rookie mistake.,"Cartoonish 3D animated vertical 9:16 video, Pixar-style. The reference image is the ONLY main character on camera in this scene: single golden retriever detective, rumpled trench coat, fedora tilted low. Character leans against a filing cabinet under a flickering light and says the hook to camera. The character speaks in a hardboiled, gravelly male dog voice, mouth in sync. Exaggerated cartoon expressions, warm lighting. No other characters speak in this scene. No other characters appear on camera unless described.","Cartoonish 3D animated vertical 9:16 video, Pixar-style. The reference image is the ONLY main character on camera in this scene: single golden retriever detective, rumpled trench coat, fedora tilted low. Character opens his own mouth like a filing drawer and says: I ate it. It was compelling.. The character speaks in a hardboiled, gravelly male dog voice, mouth in sync. Exaggerated cartoon expressions, warm lighting. No other characters speak in this scene. No other characters appear on camera unless described.","Cartoonish 3D animated vertical 9:16 video, Pixar-style. The reference image is the ONLY main character on camera in this scene: single golden retriever detective, rumpled trench coat, fedora tilted low. Character tips his hat to camera and says: My gut says we crack this case tomorrow. Or lunch. Whichever.. The character speaks in a hardboiled, gravelly male dog voice, mouth in sync. Exaggerated cartoon expressions, warm lighting. No other characters speak in this scene. No other characters appear on camera unless described.",https://raw.githubusercontent.com/dkgrissom-tech/Ora-auto/main/brands/toolstack/assets/refs/barkley_ref.png,queued,
BARKLEY-D03-EVE,2026-09-23,evening,barkley,The evidence disappeared from the desk. Rookie mistake.,"Cartoonish 3D animated vertical 9:16 video, Pixar-style. The reference image is the ONLY main character on camera in this scene: single golden retriever detective, rumpled trench coat, fedora tilted low. Character leans against a filing cabinet under a flickering light and says the hook to camera. The character speaks in a hardboiled, gravelly male dog voice, mouth in sync. Exaggerated cartoon expressions, warm lighting. No other characters speak in this scene. No other characters appear on camera unless described.","Cartoonish 3D animated vertical 9:16 video, Pixar-style. The reference image is the ONLY main character on camera in this scene: single golden retriever detective, rumpled trench coat, fedora tilted low. Character opens his own mouth like a filing drawer and says: I ate it. It was compelling.. The character speaks in a hardboiled, gravelly male dog voice, mouth in sync. Exaggerated cartoon expressions, warm lighting. No other characters speak in this scene. No other characters appear on camera unless described.","Cartoonish 3D animated vertical 9:16 video, Pixar-style. The reference image is the ONLY main character on camera in this scene: single golden retriever detective, rumpled trench coat, fedora tilted low. Character tips his hat to camera and says: My gut says we crack this case tomorrow. Or lunch. Whichever.. The character speaks in a hardboiled, gravelly male dog voice, mouth in sync. Exaggerated cartoon expressions, warm lighting. No other characters speak in this scene. No other characters appear on camera unless described.",https://raw.githubusercontent.com/dkgrissom-tech/Ora-auto/main/brands/toolstack/assets/refs/barkley_ref.png,queued,
MILO2-D04-MOR,2026-09-24,morning,milo2,HR called about the incident in the break room.,"Cartoonish 3D animated vertical 9:16 video, Pixar-style. The reference image is the ONLY main character on camera in this scene: single fluffy orange tabby cat, big green eyes, small white chest, loose sky-blue tie. Character peeks over a cubicle wall, sighs, and says the hook to camera. The character speaks in a slightly whiny, deadpan, put-upon male cat voice, mouth in sync. Exaggerated cartoon expressions, warm lighting. No other characters speak in this scene. No other characters appear on camera unless described.","Cartoonish 3D animated vertical 9:16 video, Pixar-style. The reference image is the ONLY main character on camera in this scene: single fluffy orange tabby cat, big green eyes, small white chest, loose sky-blue tie. Character opens the fridge, points a paw at empty tuna cans, says: I did not, quote, sabotage the meeting snacks.. The character speaks in a slightly whiny, deadpan, put-upon male cat voice, mouth in sync. Exaggerated cartoon expressions, warm lighting. No other characters speak in this scene. No other characters appear on camera unless described.","Cartoonish 3D animated vertical 9:16 video, Pixar-style. The reference image is the ONLY main character on camera in this scene: single fluffy orange tabby cat, big green eyes, small white chest, loose sky-blue tie. Character holds up a printout of an email chain and says: But whoever labeled the tuna 'Karen' has a real problem.. The character speaks in a slightly whiny, deadpan, put-upon male cat voice, mouth in sync. Exaggerated cartoon expressions, warm lighting. No other characters speak in this scene. No other characters appear on camera unless described.",https://raw.githubusercontent.com/dkgrissom-tech/Ora-auto/main/brands/toolstack/assets/refs/milo2_ref.png,queued,
MILO2-D04-EVE,2026-09-24,evening,milo2,HR called about the incident in the break room.,"Cartoonish 3D animated vertical 9:16 video, Pixar-style. The reference image is the ONLY main character on camera in this scene: single fluffy orange tabby cat, big green eyes, small white chest, loose sky-blue tie. Character peeks over a cubicle wall, sighs, and says the hook to camera. The character speaks in a slightly whiny, deadpan, put-upon male cat voice, mouth in sync. Exaggerated cartoon expressions, warm lighting. No other characters speak in this scene. No other characters appear on camera unless described.","Cartoonish 3D animated vertical 9:16 video, Pixar-style. The reference image is the ONLY main character on camera in this scene: single fluffy orange tabby cat, big green eyes, small white chest, loose sky-blue tie. Character opens the fridge, points a paw at empty tuna cans, says: I did not, quote, sabotage the meeting snacks.. The character speaks in a slightly whiny, deadpan, put-upon male cat voice, mouth in sync. Exaggerated cartoon expressions, warm lighting. No other characters speak in this scene. No other characters appear on camera unless described.","Cartoonish 3D animated vertical 9:16 video, Pixar-style. The reference image is the ONLY main character on camera in this scene: single fluffy orange tabby cat, big green eyes, small white chest, loose sky-blue tie. Character holds up a printout of an email chain and says: But whoever labeled the tuna 'Karen' has a real problem.. The character speaks in a slightly whiny, deadpan, put-upon male cat voice, mouth in sync. Exaggerated cartoon expressions, warm lighting. No other characters speak in this scene. No other characters appear on camera unless described.",https://raw.githubusercontent.com/dkgrissom-tech/Ora-auto/main/brands/toolstack/assets/refs/milo2_ref.png,queued,
MILO-D05-MOR,2026-09-25,morning,milo,They gave the promotion to a golden retriever.,"Cartoonish 3D animated vertical 9:16 video, Pixar-style. The reference image is the ONLY main character on camera in this scene: single fluffy orange tabby cat, big green eyes, small white chest, loose sky-blue tie. Character slumps at his desk with his tie crooked and says the hook to camera. The character speaks in a slightly whiny, deadpan, put-upon male cat voice, mouth in sync. Exaggerated cartoon expressions, warm lighting. No other characters speak in this scene. No other characters appear on camera unless described.","Cartoonish 3D animated vertical 9:16 video, Pixar-style. The reference image is the ONLY main character on camera in this scene: single fluffy orange tabby cat, big green eyes, small white chest, loose sky-blue tie. Character opens a laptop and pulls up a resume with more paw prints than words, says: I have twelve years of experience napping in strategic locations.. The character speaks in a slightly whiny, deadpan, put-upon male cat voice, mouth in sync. Exaggerated cartoon expressions, warm lighting. No other characters speak in this scene. No other characters appear on camera unless described.","Cartoonish 3D animated vertical 9:16 video, Pixar-style. The reference image is the ONLY main character on camera in this scene: single fluffy orange tabby cat, big green eyes, small white chest, loose sky-blue tie. Character stares dead into the camera and says: I'm not bitter. I'm just going to become the pigeon's boss.. The character speaks in a slightly whiny, deadpan, put-upon male cat voice, mouth in sync. Exaggerated cartoon expressions, warm lighting. No other characters speak in this scene. No other characters appear on camera unless described.",https://raw.githubusercontent.com/dkgrissom-tech/Ora-auto/main/brands/toolstack/assets/refs/milo_ref.png,queued,
MILO-D05-EVE,2026-09-25,evening,milo,They gave the promotion to a golden retriever.,"Cartoonish 3D animated vertical 9:16 video, Pixar-style. The reference image is the ONLY main character on camera in this scene: single fluffy orange tabby cat, big green eyes, small white chest, loose sky-blue tie. Character slumps at his desk with his tie crooked and says the hook to camera. The character speaks in a slightly whiny, deadpan, put-upon male cat voice, mouth in sync. Exaggerated cartoon expressions, warm lighting. No other characters speak in this scene. No other characters appear on camera unless described.","Cartoonish 3D animated vertical 9:16 video, Pixar-style. The reference image is the ONLY main character on camera in this scene: single fluffy orange tabby cat, big green eyes, small white chest, loose sky-blue tie. Character opens a laptop and pulls up a resume with more paw prints than words, says: I have twelve years of experience napping in strategic locations.. The character speaks in a slightly whiny, deadpan, put-upon male cat voice, mouth in sync. Exaggerated cartoon expressions, warm lighting. No other characters speak in this scene. No other characters appear on camera unless described.","Cartoonish 3D animated vertical 9:16 video, Pixar-style. The reference image is the ONLY main character on camera in this scene: single fluffy orange tabby cat, big green eyes, small white chest, loose sky-blue tie. Character stares dead into the camera and says: I'm not bitter. I'm just going to become the pigeon's boss.. The character speaks in a slightly whiny, deadpan, put-upon male cat voice, mouth in sync. Exaggerated cartoon expressions, warm lighting. No other characters speak in this scene. No other characters appear on camera unless described.",https://raw.githubusercontent.com/dkgrissom-tech/Ora-auto/main/brands/toolstack/assets/refs/milo_ref.png,queued,
RITA-D06-MOR,2026-09-26,morning,rita,The neighborhood dogs have a group chat.,"Cartoonish 3D animated vertical 9:16 video, Pixar-style. The reference image is the ONLY main character on camera in this scene: single clever raccoon, dark eye mask, small pink backpack. Character hides behind a mailbox holding a phone with too many notifications, and says the hook. The character speaks in a confident, mischievous female raccoon voice, mouth in sync. Exaggerated cartoon expressions, warm lighting. No other characters speak in this scene. No other characters appear on camera unless described.","Cartoonish 3D animated vertical 9:16 video, Pixar-style. The reference image is the ONLY main character on camera in this scene: single clever raccoon, dark eye mask, small pink backpack. Character scrolls the phone with wide eyes and says: Apparently I'm 'the raccoon problem'. Rude. I have a resume.. The character speaks in a confident, mischievous female raccoon voice, mouth in sync. Exaggerated cartoon expressions, warm lighting. No other characters speak in this scene. No other characters appear on camera unless described.","Cartoonish 3D animated vertical 9:16 video, Pixar-style. The reference image is the ONLY main character on camera in this scene: single clever raccoon, dark eye mask, small pink backpack. Character smirks to camera as a small bag of chips falls from a delivery drone, and says: Also they're wrong. I'm the raccoon solution.. The character speaks in a confident, mischievous female raccoon voice, mouth in sync. Exaggerated cartoon expressions, warm lighting. No other characters speak in this scene. No other characters appear on camera unless described.",https://raw.githubusercontent.com/dkgrissom-tech/Ora-auto/main/brands/toolstack/assets/refs/rita_ref.png,queued,
RITA-D06-EVE,2026-09-26,evening,rita,The neighborhood dogs have a group chat.,"Cartoonish 3D animated vertical 9:16 video, Pixar-style. The reference image is the ONLY main character on camera in this scene: single clever raccoon, dark eye mask, small pink backpack. Character hides behind a mailbox holding a phone with too many notifications, and says the hook. The character speaks in a confident, mischievous female raccoon voice, mouth in sync. Exaggerated cartoon expressions, warm lighting. No other characters speak in this scene. No other characters appear on camera unless described.","Cartoonish 3D animated vertical 9:16 video, Pixar-style. The reference image is the ONLY main character on camera in this scene: single clever raccoon, dark eye mask, small pink backpack. Character scrolls the phone with wide eyes and says: Apparently I'm 'the raccoon problem'. Rude. I have a resume.. The character speaks in a confident, mischievous female raccoon voice, mouth in sync. Exaggerated cartoon expressions, warm lighting. No other characters speak in this scene. No other characters appear on camera unless described.","Cartoonish 3D animated vertical 9:16 video, Pixar-style. The reference image is the ONLY main character on camera in this scene: single clever raccoon, dark eye mask, small pink backpack. Character smirks to camera as a small bag of chips falls from a delivery drone, and says: Also they're wrong. I'm the raccoon solution.. The character speaks in a confident, mischievous female raccoon voice, mouth in sync. Exaggerated cartoon expressions, warm lighting. No other characters speak in this scene. No other characters appear on camera unless described.",https://raw.githubusercontent.com/dkgrissom-tech/Ora-auto/main/brands/toolstack/assets/refs/rita_ref.png,queued,
BARKLEY-D07-MOR,2026-09-27,morning,barkley,The mailman is running a smuggling ring.,"Cartoonish 3D animated vertical 9:16 video, Pixar-style. The reference image is the ONLY main character on camera in this scene: single golden retriever detective, rumpled trench coat, fedora tilted low. Character peers through venetian blinds and says the hook to camera in a low growl. The character speaks in a hardboiled, gravelly male dog voice, mouth in sync. Exaggerated cartoon expressions, warm lighting. No other characters speak in this scene. No other characters appear on camera unless described.","Cartoonish 3D animated vertical 9:16 video, Pixar-style. The reference image is the ONLY main character on camera in this scene: single golden retriever detective, rumpled trench coat, fedora tilted low. Character opens a manilla folder full of chewed-up envelopes and says: Every package. Every day. Same suspicious tail wag.. The character speaks in a hardboiled, gravelly male dog voice, mouth in sync. Exaggerated cartoon expressions, warm lighting. No other characters speak in this scene. No other characters appear on camera unless described.","Cartoonish 3D animated vertical 9:16 video, Pixar-style. The reference image is the ONLY main character on camera in this scene: single golden retriever detective, rumpled trench coat, fedora tilted low. Character adjusts his hat and says: Backup arrives in the form of the squirrel across the street. She owes me one.. The character speaks in a hardboiled, gravelly male dog voice, mouth in sync. Exaggerated cartoon expressions, warm lighting. No other characters speak in this scene. No other characters appear on camera unless described.",https://raw.githubusercontent.com/dkgrissom-tech/Ora-auto/main/brands/toolstack/assets/refs/barkley_ref.png,queued,
BARKLEY-D07-EVE,2026-09-27,evening,barkley,The mailman is running a smuggling ring.,"Cartoonish 3D animated vertical 9:16 video, Pixar-style. The reference image is the ONLY main character on camera in this scene: single golden retriever detective, rumpled trench coat, fedora tilted low. Character peers through venetian blinds and says the hook to camera in a low growl. The character speaks in a hardboiled, gravelly male dog voice, mouth in sync. Exaggerated cartoon expressions, warm lighting. No other characters speak in this scene. No other characters appear on camera unless described.","Cartoonish 3D animated vertical 9:16 video, Pixar-style. The reference image is the ONLY main character on camera in this scene: single golden retriever detective, rumpled trench coat, fedora tilted low. Character opens a manilla folder full of chewed-up envelopes and says: Every package. Every day. Same suspicious tail wag.. The character speaks in a hardboiled, gravelly male dog voice, mouth in sync. Exaggerated cartoon expressions, warm lighting. No other characters speak in this scene. No other characters appear on camera unless described.","Cartoonish 3D animated vertical 9:16 video, Pixar-style. The reference image is the ONLY main character on camera in this scene: single golden retriever detective, rumpled trench coat, fedora tilted low. Character adjusts his hat and says: Backup arrives in the form of the squirrel across the street. She owes me one.. The character speaks in a hardboiled, gravelly male dog voice, mouth in sync. Exaggerated cartoon expressions, warm lighting. No other characters speak in this scene. No other characters appear on camera unless described.",https://raw.githubusercontent.com/dkgrissom-tech/Ora-auto/main/brands/toolstack/assets/refs/barkley_ref.png,queued,
MILO2-D08-MOR,2026-09-28,morning,milo2,My cat-boss took credit for my quarterly report.,"Cartoonish 3D animated vertical 9:16 video, Pixar-style. The reference image is the ONLY main character on camera in this scene: single fluffy orange tabby cat, big green eyes, small white chest, loose sky-blue tie. Character sits at a laptop with a spreadsheet open, glares at camera, and says the hook. The character speaks in a slightly whiny, deadpan, put-upon male cat voice, mouth in sync. Exaggerated cartoon expressions, warm lighting. No other characters speak in this scene. No other characters appear on camera unless described.","Cartoonish 3D animated vertical 9:16 video, Pixar-style. The reference image is the ONLY main character on camera in this scene: single fluffy orange tabby cat, big green eyes, small white chest, loose sky-blue tie. Character holds up a coffee mug that reads BOSS with the S covered by a sticky note that reads SIER, and says: I have receipts. Literally.. The character speaks in a slightly whiny, deadpan, put-upon male cat voice, mouth in sync. Exaggerated cartoon expressions, warm lighting. No other characters speak in this scene. No other characters appear on camera unless described.","Cartoonish 3D animated vertical 9:16 video, Pixar-style. The reference image is the ONLY main character on camera in this scene: single fluffy orange tabby cat, big green eyes, small white chest, loose sky-blue tie. Character leans back with his paws behind his head and says: HR loves receipts. So does the pigeon in accounting.. The character speaks in a slightly whiny, deadpan, put-upon male cat voice, mouth in sync. Exaggerated cartoon expressions, warm lighting. No other characters speak in this scene. No other characters appear on camera unless described.",https://raw.githubusercontent.com/dkgrissom-tech/Ora-auto/main/brands/toolstack/assets/refs/milo2_ref.png,queued,
MILO2-D08-EVE,2026-09-28,evening,milo2,My cat-boss took credit for my quarterly report.,"Cartoonish 3D animated vertical 9:16 video, Pixar-style. The reference image is the ONLY main character on camera in this scene: single fluffy orange tabby cat, big green eyes, small white chest, loose sky-blue tie. Character sits at a laptop with a spreadsheet open, glares at camera, and says the hook. The character speaks in a slightly whiny, deadpan, put-upon male cat voice, mouth in sync. Exaggerated cartoon expressions, warm lighting. No other characters speak in this scene. No other characters appear on camera unless described.","Cartoonish 3D animated vertical 9:16 video, Pixar-style. The reference image is the ONLY main character on camera in this scene: single fluffy orange tabby cat, big green eyes, small white chest, loose sky-blue tie. Character holds up a coffee mug that reads BOSS with the S covered by a sticky note that reads SIER, and says: I have receipts. Literally.. The character speaks in a slightly whiny, deadpan, put-upon male cat voice, mouth in sync. Exaggerated cartoon expressions, warm lighting. No other characters speak in this scene. No other characters appear on camera unless described.","Cartoonish 3D animated vertical 9:16 video, Pixar-style. The reference image is the ONLY main character on camera in this scene: single fluffy orange tabby cat, big green eyes, small white chest, loose sky-blue tie. Character leans back with his paws behind his head and says: HR loves receipts. So does the pigeon in accounting.. The character speaks in a slightly whiny, deadpan, put-upon male cat voice, mouth in sync. Exaggerated cartoon expressions, warm lighting. No other characters speak in this scene. No other characters appear on camera unless described.",https://raw.githubusercontent.com/dkgrissom-tech/Ora-auto/main/brands/toolstack/assets/refs/milo2_ref.png,queued,
MILO-D09-MOR,2026-09-29,morning,milo,I got assigned a mandatory team-building retreat.,"Cartoonish 3D animated vertical 9:16 video, Pixar-style. The reference image is the ONLY main character on camera in this scene: single fluffy orange tabby cat, big green eyes, small white chest, loose sky-blue tie. Character reads a printed email at his desk, ears flattening, says the hook to camera. The character speaks in a slightly whiny, deadpan, put-upon male cat voice, mouth in sync. Exaggerated cartoon expressions, warm lighting. No other characters speak in this scene. No other characters appear on camera unless described.","Cartoonish 3D animated vertical 9:16 video, Pixar-style. The reference image is the ONLY main character on camera in this scene: single fluffy orange tabby cat, big green eyes, small white chest, loose sky-blue tie. Character packs a tiny duffel with three sardines and a taser, and says: I am legally required to trust-fall onto Kevin.. The character speaks in a slightly whiny, deadpan, put-upon male cat voice, mouth in sync. Exaggerated cartoon expressions, warm lighting. No other characters speak in this scene. No other characters appear on camera unless described.","Cartoonish 3D animated vertical 9:16 video, Pixar-style. The reference image is the ONLY main character on camera in this scene: single fluffy orange tabby cat, big green eyes, small white chest, loose sky-blue tie. Character wipes his brow at the camera and says: Update: Kevin didn't catch me. Kevin is no longer with the company.. The character speaks in a slightly whiny, deadpan, put-upon male cat voice, mouth in sync. Exaggerated cartoon expressions, warm lighting. No other characters speak in this scene. No other characters appear on camera unless described.",https://raw.githubusercontent.com/dkgrissom-tech/Ora-auto/main/brands/toolstack/assets/refs/milo_ref.png,queued,
MILO-D09-EVE,2026-09-29,evening,milo,I got assigned a mandatory team-building retreat.,"Cartoonish 3D animated vertical 9:16 video, Pixar-style. The reference image is the ONLY main character on camera in this scene: single fluffy orange tabby cat, big green eyes, small white chest, loose sky-blue tie. Character reads a printed email at his desk, ears flattening, says the hook to camera. The character speaks in a slightly whiny, deadpan, put-upon male cat voice, mouth in sync. Exaggerated cartoon expressions, warm lighting. No other characters speak in this scene. No other characters appear on camera unless described.","Cartoonish 3D animated vertical 9:16 video, Pixar-style. The reference image is the ONLY main character on camera in this scene: single fluffy orange tabby cat, big green eyes, small white chest, loose sky-blue tie. Character packs a tiny duffel with three sardines and a taser, and says: I am legally required to trust-fall onto Kevin.. The character speaks in a slightly whiny, deadpan, put-upon male cat voice, mouth in sync. Exaggerated cartoon expressions, warm lighting. No other characters speak in this scene. No other characters appear on camera unless described.","Cartoonish 3D animated vertical 9:16 video, Pixar-style. The reference image is the ONLY main character on camera in this scene: single fluffy orange tabby cat, big green eyes, small white chest, loose sky-blue tie. Character wipes his brow at the camera and says: Update: Kevin didn't catch me. Kevin is no longer with the company.. The character speaks in a slightly whiny, deadpan, put-upon male cat voice, mouth in sync. Exaggerated cartoon expressions, warm lighting. No other characters speak in this scene. No other characters appear on camera unless described.",https://raw.githubusercontent.com/dkgrissom-tech/Ora-auto/main/brands/toolstack/assets/refs/milo_ref.png,queued,
RITA-D10-MOR,2026-09-30,morning,rita,Someone tried to raccoon-proof the trash.,"Cartoonish 3D animated vertical 9:16 video, Pixar-style. The reference image is the ONLY main character on camera in this scene: single clever raccoon, dark eye mask, small pink backpack. Character circles a shiny new locking trash can and says the hook, deadpan. The character speaks in a confident, mischievous female raccoon voice, mouth in sync. Exaggerated cartoon expressions, warm lighting. No other characters speak in this scene. No other characters appear on camera unless described.","Cartoonish 3D animated vertical 9:16 video, Pixar-style. The reference image is the ONLY main character on camera in this scene: single clever raccoon, dark eye mask, small pink backpack. Character pops the lid open with one paw and says: They put a code on it. The code is: raccoons can read.. The character speaks in a confident, mischievous female raccoon voice, mouth in sync. Exaggerated cartoon expressions, warm lighting. No other characters speak in this scene. No other characters appear on camera unless described.","Cartoonish 3D animated vertical 9:16 video, Pixar-style. The reference image is the ONLY main character on camera in this scene: single clever raccoon, dark eye mask, small pink backpack. Character poses next to the open can holding a half-eaten pizza slice and says: This block has been under new management since Tuesday.. The character speaks in a confident, mischievous female raccoon voice, mouth in sync. Exaggerated cartoon expressions, warm lighting. No other characters speak in this scene. No other characters appear on camera unless described.",https://raw.githubusercontent.com/dkgrissom-tech/Ora-auto/main/brands/toolstack/assets/refs/rita_ref.png,queued,
RITA-D10-EVE,2026-09-30,evening,rita,Someone tried to raccoon-proof the trash.,"Cartoonish 3D animated vertical 9:16 video, Pixar-style. The reference image is the ONLY main character on camera in this scene: single clever raccoon, dark eye mask, small pink backpack. Character circles a shiny new locking trash can and says the hook, deadpan. The character speaks in a confident, mischievous female raccoon voice, mouth in sync. Exaggerated cartoon expressions, warm lighting. No other characters speak in this scene. No other characters appear on camera unless described.","Cartoonish 3D animated vertical 9:16 video, Pixar-style. The reference image is the ONLY main character on camera in this scene: single clever raccoon, dark eye mask, small pink backpack. Character pops the lid open with one paw and says: They put a code on it. The code is: raccoons can read.. The character speaks in a confident, mischievous female raccoon voice, mouth in sync. Exaggerated cartoon expressions, warm lighting. No other characters speak in this scene. No other characters appear on camera unless described.","Cartoonish 3D animated vertical 9:16 video, Pixar-style. The reference image is the ONLY main character on camera in this scene: single clever raccoon, dark eye mask, small pink backpack. Character poses next to the open can holding a half-eaten pizza slice and says: This block has been under new management since Tuesday.. The character speaks in a confident, mischievous female raccoon voice, mouth in sync. Exaggerated cartoon expressions, warm lighting. No other characters speak in this scene. No other characters appear on camera unless described.",https://raw.githubusercontent.com/dkgrissom-tech/Ora-auto/main/brands/toolstack/assets/refs/rita_ref.png,queued,
BARKLEY-D11-MOR,2026-10-01,morning,barkley,The cat next door has an alibi. It stinks.,"Cartoonish 3D animated vertical 9:16 video, Pixar-style. The reference image is the ONLY main character on camera in this scene: single golden retriever detective, rumpled trench coat, fedora tilted low. Character flips through a small notebook, sniffs the air, says the hook. The character speaks in a hardboiled, gravelly male dog voice, mouth in sync. Exaggerated cartoon expressions, warm lighting. No other characters speak in this scene. No other characters appear on camera unless described.","Cartoonish 3D animated vertical 9:16 video, Pixar-style. The reference image is the ONLY main character on camera in this scene: single golden retriever detective, rumpled trench coat, fedora tilted low. Character holds up a photo of an empty fishbowl and says: The witness claims she was napping. The bowl claims otherwise.. The character speaks in a hardboiled, gravelly male dog voice, mouth in sync. Exaggerated cartoon expressions, warm lighting. No other characters speak in this scene. No other characters appear on camera unless described.","Cartoonish 3D animated vertical 9:16 video, Pixar-style. The reference image is the ONLY main character on camera in this scene: single golden retriever detective, rumpled trench coat, fedora tilted low. Character narrows his eyes at camera and says: In this town, tuna breath is a confession.. The character speaks in a hardboiled, gravelly male dog voice, mouth in sync. Exaggerated cartoon expressions, warm lighting. No other characters speak in this scene. No other characters appear on camera unless described.",https://raw.githubusercontent.com/dkgrissom-tech/Ora-auto/main/brands/toolstack/assets/refs/barkley_ref.png,queued,
BARKLEY-D11-EVE,2026-10-01,evening,barkley,The cat next door has an alibi. It stinks.,"Cartoonish 3D animated vertical 9:16 video, Pixar-style. The reference image is the ONLY main character on camera in this scene: single golden retriever detective, rumpled trench coat, fedora tilted low. Character flips through a small notebook, sniffs the air, says the hook. The character speaks in a hardboiled, gravelly male dog voice, mouth in sync. Exaggerated cartoon expressions, warm lighting. No other characters speak in this scene. No other characters appear on camera unless described.","Cartoonish 3D animated vertical 9:16 video, Pixar-style. The reference image is the ONLY main character on camera in this scene: single golden retriever detective, rumpled trench coat, fedora tilted low. Character holds up a photo of an empty fishbowl and says: The witness claims she was napping. The bowl claims otherwise.. The character speaks in a hardboiled, gravelly male dog voice, mouth in sync. Exaggerated cartoon expressions, warm lighting. No other characters speak in this scene. No other characters appear on camera unless described.","Cartoonish 3D animated vertical 9:16 video, Pixar-style. The reference image is the ONLY main character on camera in this scene: single golden retriever detective, rumpled trench coat, fedora tilted low. Character narrows his eyes at camera and says: In this town, tuna breath is a confession.. The character speaks in a hardboiled, gravelly male dog voice, mouth in sync. Exaggerated cartoon expressions, warm lighting. No other characters speak in this scene. No other characters appear on camera unless described.",https://raw.githubusercontent.com/dkgrissom-tech/Ora-auto/main/brands/toolstack/assets/refs/barkley_ref.png,queued,
MILO2-D12-MOR,2026-10-02,morning,milo2,The office coffee machine started leaving passive-aggressive notes.,"Cartoonish 3D animated vertical 9:16 video, Pixar-style. The reference image is the ONLY main character on camera in this scene: single fluffy orange tabby cat, big green eyes, small white chest, loose sky-blue tie. Character stares at the coffee machine, which has a Post-It on it, and says the hook to camera. The character speaks in a slightly whiny, deadpan, put-upon male cat voice, mouth in sync. Exaggerated cartoon expressions, warm lighting. No other characters speak in this scene. No other characters appear on camera unless described.","Cartoonish 3D animated vertical 9:16 video, Pixar-style. The reference image is the ONLY main character on camera in this scene: single fluffy orange tabby cat, big green eyes, small white chest, loose sky-blue tie. Character reads the Post-It out loud and says: 'Descale me or perish.' That's a threat, Karen.. The character speaks in a slightly whiny, deadpan, put-upon male cat voice, mouth in sync. Exaggerated cartoon expressions, warm lighting. No other characters speak in this scene. No other characters appear on camera unless described.","Cartoonish 3D animated vertical 9:16 video, Pixar-style. The reference image is the ONLY main character on camera in this scene: single fluffy orange tabby cat, big green eyes, small white chest, loose sky-blue tie. Character sips from a mug with a smug expression and says: I brought my own French press. The pigeon consulted.. The character speaks in a slightly whiny, deadpan, put-upon male cat voice, mouth in sync. Exaggerated cartoon expressions, warm lighting. No other characters speak in this scene. No other characters appear on camera unless described.",https://raw.githubusercontent.com/dkgrissom-tech/Ora-auto/main/brands/toolstack/assets/refs/milo2_ref.png,queued,
MILO2-D12-EVE,2026-10-02,evening,milo2,The office coffee machine started leaving passive-aggressive notes.,"Cartoonish 3D animated vertical 9:16 video, Pixar-style. The reference image is the ONLY main character on camera in this scene: single fluffy orange tabby cat, big green eyes, small white chest, loose sky-blue tie. Character stares at the coffee machine, which has a Post-It on it, and says the hook to camera. The character speaks in a slightly whiny, deadpan, put-upon male cat voice, mouth in sync. Exaggerated cartoon expressions, warm lighting. No other characters speak in this scene. No other characters appear on camera unless described.","Cartoonish 3D animated vertical 9:16 video, Pixar-style. The reference image is the ONLY main character on camera in this scene: single fluffy orange tabby cat, big green eyes, small white chest, loose sky-blue tie. Character reads the Post-It out loud and says: 'Descale me or perish.' That's a threat, Karen.. The character speaks in a slightly whiny, deadpan, put-upon male cat voice, mouth in sync. Exaggerated cartoon expressions, warm lighting. No other characters speak in this scene. No other characters appear on camera unless described.","Cartoonish 3D animated vertical 9:16 video, Pixar-style. The reference image is the ONLY main character on camera in this scene: single fluffy orange tabby cat, big green eyes, small white chest, loose sky-blue tie. Character sips from a mug with a smug expression and says: I brought my own French press. The pigeon consulted.. The character speaks in a slightly whiny, deadpan, put-upon male cat voice, mouth in sync. Exaggerated cartoon expressions, warm lighting. No other characters speak in this scene. No other characters appear on camera unless described.",https://raw.githubusercontent.com/dkgrissom-tech/Ora-auto/main/brands/toolstack/assets/refs/milo2_ref.png,queued,
MILO-D13-MOR,2026-10-03,morning,milo,My performance review had a whole section on 'attitude'.,"Cartoonish 3D animated vertical 9:16 video, Pixar-style. The reference image is the ONLY main character on camera in this scene: single fluffy orange tabby cat, big green eyes, small white chest, loose sky-blue tie. Character sits across from an empty chair at his desk, deadpan, and says the hook. The character speaks in a slightly whiny, deadpan, put-upon male cat voice, mouth in sync. Exaggerated cartoon expressions, warm lighting. No other characters speak in this scene. No other characters appear on camera unless described.","Cartoonish 3D animated vertical 9:16 video, Pixar-style. The reference image is the ONLY main character on camera in this scene: single fluffy orange tabby cat, big green eyes, small white chest, loose sky-blue tie. Character flips a page in his review with a claw and says: Apparently 'sleeping through Q2' is not, quote, a personality.. The character speaks in a slightly whiny, deadpan, put-upon male cat voice, mouth in sync. Exaggerated cartoon expressions, warm lighting. No other characters speak in this scene. No other characters appear on camera unless described.","Cartoonish 3D animated vertical 9:16 video, Pixar-style. The reference image is the ONLY main character on camera in this scene: single fluffy orange tabby cat, big green eyes, small white chest, loose sky-blue tie. Character leans on the desk and says: I've decided to unionize. There are already three cats and a pigeon.. The character speaks in a slightly whiny, deadpan, put-upon male cat voice, mouth in sync. Exaggerated cartoon expressions, warm lighting. No other characters speak in this scene. No other characters appear on camera unless described.",https://raw.githubusercontent.com/dkgrissom-tech/Ora-auto/main/brands/toolstack/assets/refs/milo_ref.png,queued,
MILO-D13-EVE,2026-10-03,evening,milo,My performance review had a whole section on 'attitude'.,"Cartoonish 3D animated vertical 9:16 video, Pixar-style. The reference image is the ONLY main character on camera in this scene: single fluffy orange tabby cat, big green eyes, small white chest, loose sky-blue tie. Character sits across from an empty chair at his desk, deadpan, and says the hook. The character speaks in a slightly whiny, deadpan, put-upon male cat voice, mouth in sync. Exaggerated cartoon expressions, warm lighting. No other characters speak in this scene. No other characters appear on camera unless described.","Cartoonish 3D animated vertical 9:16 video, Pixar-style. The reference image is the ONLY main character on camera in this scene: single fluffy orange tabby cat, big green eyes, small white chest, loose sky-blue tie. Character flips a page in his review with a claw and says: Apparently 'sleeping through Q2' is not, quote, a personality.. The character speaks in a slightly whiny, deadpan, put-upon male cat voice, mouth in sync. Exaggerated cartoon expressions, warm lighting. No other characters speak in this scene. No other characters appear on camera unless described.","Cartoonish 3D animated vertical 9:16 video, Pixar-style. The reference image is the ONLY main character on camera in this scene: single fluffy orange tabby cat, big green eyes, small white chest, loose sky-blue tie. Character leans on the desk and says: I've decided to unionize. There are already three cats and a pigeon.. The character speaks in a slightly whiny, deadpan, put-upon male cat voice, mouth in sync. Exaggerated cartoon expressions, warm lighting. No other characters speak in this scene. No other characters appear on camera unless described.",https://raw.githubusercontent.com/dkgrissom-tech/Ora-auto/main/brands/toolstack/assets/refs/milo_ref.png,queued,
RITA-D14-MOR,2026-10-04,morning,rita,A raccoon influencer moved onto the block.,"Cartoonish 3D animated vertical 9:16 video, Pixar-style. The reference image is the ONLY main character on camera in this scene: single clever raccoon, dark eye mask, small pink backpack. Character watches a shinier raccoon posing for a phone on a fence, says the hook. The character speaks in a confident, mischievous female raccoon voice, mouth in sync. Exaggerated cartoon expressions, warm lighting. No other characters speak in this scene. No other characters appear on camera unless described.","Cartoonish 3D animated vertical 9:16 video, Pixar-style. The reference image is the ONLY main character on camera in this scene: single clever raccoon, dark eye mask, small pink backpack. Character narrows her eyes and says: She has a ring light. In an alley. This is a war crime.. The character speaks in a confident, mischievous female raccoon voice, mouth in sync. Exaggerated cartoon expressions, warm lighting. No other characters speak in this scene. No other characters appear on camera unless described.","Cartoonish 3D animated vertical 9:16 video, Pixar-style. The reference image is the ONLY main character on camera in this scene: single clever raccoon, dark eye mask, small pink backpack. Character smiles slyly at camera as the ring light flickers off, and says: Batteries are so temperamental, aren't they?. The character speaks in a confident, mischievous female raccoon voice, mouth in sync. Exaggerated cartoon expressions, warm lighting. No other characters speak in this scene. No other characters appear on camera unless described.",https://raw.githubusercontent.com/dkgrissom-tech/Ora-auto/main/brands/toolstack/assets/refs/rita_ref.png,queued,
RITA-D14-EVE,2026-10-04,evening,rita,A raccoon influencer moved onto the block.,"Cartoonish 3D animated vertical 9:16 video, Pixar-style. The reference image is the ONLY main character on camera in this scene: single clever raccoon, dark eye mask, small pink backpack. Character watches a shinier raccoon posing for a phone on a fence, says the hook. The character speaks in a confident, mischievous female raccoon voice, mouth in sync. Exaggerated cartoon expressions, warm lighting. No other characters speak in this scene. No other characters appear on camera unless described.","Cartoonish 3D animated vertical 9:16 video, Pixar-style. The reference image is the ONLY main character on camera in this scene: single clever raccoon, dark eye mask, small pink backpack. Character narrows her eyes and says: She has a ring light. In an alley. This is a war crime.. The character speaks in a confident, mischievous female raccoon voice, mouth in sync. Exaggerated cartoon expressions, warm lighting. No other characters speak in this scene. No other characters appear on camera unless described.","Cartoonish 3D animated vertical 9:16 video, Pixar-style. The reference image is the ONLY main character on camera in this scene: single clever raccoon, dark eye mask, small pink backpack. Character smiles slyly at camera as the ring light flickers off, and says: Batteries are so temperamental, aren't they?. The character speaks in a confident, mischievous female raccoon voice, mouth in sync. Exaggerated cartoon expressions, warm lighting. No other characters speak in this scene. No other characters appear on camera unless described.",https://raw.githubusercontent.com/dkgrissom-tech/Ora-auto/main/brands/toolstack/assets/refs/rita_ref.png,queued,
BARKLEY-D15-MOR,2026-10-05,morning,barkley,The pigeon lawyered up.,"Cartoonish 3D animated vertical 9:16 video, Pixar-style. The reference image is the ONLY main character on camera in this scene: single golden retriever detective, rumpled trench coat, fedora tilted low. Character leans on his desk with a coffee cup, hardboiled, says the hook. The character speaks in a hardboiled, gravelly male dog voice, mouth in sync. Exaggerated cartoon expressions, warm lighting. No other characters speak in this scene. No other characters appear on camera unless described.","Cartoonish 3D animated vertical 9:16 video, Pixar-style. The reference image is the ONLY main character on camera in this scene: single golden retriever detective, rumpled trench coat, fedora tilted low. Character opens a folder that says PIGEON, INC. and says: His counsel is a very well-dressed magpie. I don't trust her hat.. The character speaks in a hardboiled, gravelly male dog voice, mouth in sync. Exaggerated cartoon expressions, warm lighting. No other characters speak in this scene. No other characters appear on camera unless described.","Cartoonish 3D animated vertical 9:16 video, Pixar-style. The reference image is the ONLY main character on camera in this scene: single golden retriever detective, rumpled trench coat, fedora tilted low. Character puts on sunglasses at his own desk and says: Court's at nine. Bring bagels. And bail money.. The character speaks in a hardboiled, gravelly male dog voice, mouth in sync. Exaggerated cartoon expressions, warm lighting. No other characters speak in this scene. No other characters appear on camera unless described.",https://raw.githubusercontent.com/dkgrissom-tech/Ora-auto/main/brands/toolstack/assets/refs/barkley_ref.png,queued,
BARKLEY-D15-EVE,2026-10-05,evening,barkley,The pigeon lawyered up.,"Cartoonish 3D animated vertical 9:16 video, Pixar-style. The reference image is the ONLY main character on camera in this scene: single golden retriever detective, rumpled trench coat, fedora tilted low. Character leans on his desk with a coffee cup, hardboiled, says the hook. The character speaks in a hardboiled, gravelly male dog voice, mouth in sync. Exaggerated cartoon expressions, warm lighting. No other characters speak in this scene. No other characters appear on camera unless described.","Cartoonish 3D animated vertical 9:16 video, Pixar-style. The reference image is the ONLY main character on camera in this scene: single golden retriever detective, rumpled trench coat, fedora tilted low. Character opens a folder that says PIGEON, INC. and says: His counsel is a very well-dressed magpie. I don't trust her hat.. The character speaks in a hardboiled, gravelly male dog voice, mouth in sync. Exaggerated cartoon expressions, warm lighting. No other characters speak in this scene. No other characters appear on camera unless described.","Cartoonish 3D animated vertical 9:16 video, Pixar-style. The reference image is the ONLY main character on camera in this scene: single golden retriever detective, rumpled trench coat, fedora tilted low. Character puts on sunglasses at his own desk and says: Court's at nine. Bring bagels. And bail money.. The character speaks in a hardboiled, gravelly male dog voice, mouth in sync. Exaggerated cartoon expressions, warm lighting. No other characters speak in this scene. No other characters appear on camera unless described.",https://raw.githubusercontent.com/dkgrissom-tech/Ora-auto/main/brands/toolstack/assets/refs/barkley_ref.png,queued,
MILO2-D16-MOR,2026-10-06,morning,milo2,My cat-boss started micromanaging my nap schedule.,"Cartoonish 3D animated vertical 9:16 video, Pixar-style. The reference image is the ONLY main character on camera in this scene: single fluffy orange tabby cat, big green eyes, small white chest, loose sky-blue tie. Character sits stiffly at his desk with a spreadsheet titled NAP LOG open, says the hook. The character speaks in a slightly whiny, deadpan, put-upon male cat voice, mouth in sync. Exaggerated cartoon expressions, warm lighting. No other characters speak in this scene. No other characters appear on camera unless described.","Cartoonish 3D animated vertical 9:16 video, Pixar-style. The reference image is the ONLY main character on camera in this scene: single fluffy orange tabby cat, big green eyes, small white chest, loose sky-blue tie. Character highlights a cell that says 12:04 - 12:47 UNAPPROVED DOZE and says: This is a hostile work environment. Also I don't remember 12:04.. The character speaks in a slightly whiny, deadpan, put-upon male cat voice, mouth in sync. Exaggerated cartoon expressions, warm lighting. No other characters speak in this scene. No other characters appear on camera unless described.","Cartoonish 3D animated vertical 9:16 video, Pixar-style. The reference image is the ONLY main character on camera in this scene: single fluffy orange tabby cat, big green eyes, small white chest, loose sky-blue tie. Character smiles into the camera and says: Good news — the pigeon is now my union rep.. The character speaks in a slightly whiny, deadpan, put-upon male cat voice, mouth in sync. Exaggerated cartoon expressions, warm lighting. No other characters speak in this scene. No other characters appear on camera unless described.",https://raw.githubusercontent.com/dkgrissom-tech/Ora-auto/main/brands/toolstack/assets/refs/milo2_ref.png,queued,
MILO2-D16-EVE,2026-10-06,evening,milo2,My cat-boss started micromanaging my nap schedule.,"Cartoonish 3D animated vertical 9:16 video, Pixar-style. The reference image is the ONLY main character on camera in this scene: single fluffy orange tabby cat, big green eyes, small white chest, loose sky-blue tie. Character sits stiffly at his desk with a spreadsheet titled NAP LOG open, says the hook. The character speaks in a slightly whiny, deadpan, put-upon male cat voice, mouth in sync. Exaggerated cartoon expressions, warm lighting. No other characters speak in this scene. No other characters appear on camera unless described.","Cartoonish 3D animated vertical 9:16 video, Pixar-style. The reference image is the ONLY main character on camera in this scene: single fluffy orange tabby cat, big green eyes, small white chest, loose sky-blue tie. Character highlights a cell that says 12:04 - 12:47 UNAPPROVED DOZE and says: This is a hostile work environment. Also I don't remember 12:04.. The character speaks in a slightly whiny, deadpan, put-upon male cat voice, mouth in sync. Exaggerated cartoon expressions, warm lighting. No other characters speak in this scene. No other characters appear on camera unless described.","Cartoonish 3D animated vertical 9:16 video, Pixar-style. The reference image is the ONLY main character on camera in this scene: single fluffy orange tabby cat, big green eyes, small white chest, loose sky-blue tie. Character smiles into the camera and says: Good news — the pigeon is now my union rep.. The character speaks in a slightly whiny, deadpan, put-upon male cat voice, mouth in sync. Exaggerated cartoon expressions, warm lighting. No other characters speak in this scene. No other characters appear on camera unless described.",https://raw.githubusercontent.com/dkgrissom-tech/Ora-auto/main/brands/toolstack/assets/refs/milo2_ref.png,queued,
MILO-D17-MOR,2026-10-07,morning,milo,IT sent an email about 'suspicious activity from your workstation'.,"Cartoonish 3D animated vertical 9:16 video, Pixar-style. The reference image is the ONLY main character on camera in this scene: single fluffy orange tabby cat, big green eyes, small white chest, loose sky-blue tie. Character sits at his desk looking innocent, keyboard covered in tuna, says the hook. The character speaks in a slightly whiny, deadpan, put-upon male cat voice, mouth in sync. Exaggerated cartoon expressions, warm lighting. No other characters speak in this scene. No other characters appear on camera unless described.","Cartoonish 3D animated vertical 9:16 video, Pixar-style. The reference image is the ONLY main character on camera in this scene: single fluffy orange tabby cat, big green eyes, small white chest, loose sky-blue tie. Character opens the email with a claw and reads: 'You logged in from Ohio at 3am.' I have never been to Ohio. I have been to the fridge.. The character speaks in a slightly whiny, deadpan, put-upon male cat voice, mouth in sync. Exaggerated cartoon expressions, warm lighting. No other characters speak in this scene. No other characters appear on camera unless described.","Cartoonish 3D animated vertical 9:16 video, Pixar-style. The reference image is the ONLY main character on camera in this scene: single fluffy orange tabby cat, big green eyes, small white chest, loose sky-blue tie. Character leans back with paws crossed and says: The pigeon uses my badge sometimes. He has commitments.. The character speaks in a slightly whiny, deadpan, put-upon male cat voice, mouth in sync. Exaggerated cartoon expressions, warm lighting. No other characters speak in this scene. No other characters appear on camera unless described.",https://raw.githubusercontent.com/dkgrissom-tech/Ora-auto/main/brands/toolstack/assets/refs/milo_ref.png,queued,
MILO-D17-EVE,2026-10-07,evening,milo,IT sent an email about 'suspicious activity from your workstation'.,"Cartoonish 3D animated vertical 9:16 video, Pixar-style. The reference image is the ONLY main character on camera in this scene: single fluffy orange tabby cat, big green eyes, small white chest, loose sky-blue tie. Character sits at his desk looking innocent, keyboard covered in tuna, says the hook. The character speaks in a slightly whiny, deadpan, put-upon male cat voice, mouth in sync. Exaggerated cartoon expressions, warm lighting. No other characters speak in this scene. No other characters appear on camera unless described.","Cartoonish 3D animated vertical 9:16 video, Pixar-style. The reference image is the ONLY main character on camera in this scene: single fluffy orange tabby cat, big green eyes, small white chest, loose sky-blue tie. Character opens the email with a claw and reads: 'You logged in from Ohio at 3am.' I have never been to Ohio. I have been to the fridge.. The character speaks in a slightly whiny, deadpan, put-upon male cat voice, mouth in sync. Exaggerated cartoon expressions, warm lighting. No other characters speak in this scene. No other characters appear on camera unless described.","Cartoonish 3D animated vertical 9:16 video, Pixar-style. The reference image is the ONLY main character on camera in this scene: single fluffy orange tabby cat, big green eyes, small white chest, loose sky-blue tie. Character leans back with paws crossed and says: The pigeon uses my badge sometimes. He has commitments.. The character speaks in a slightly whiny, deadpan, put-upon male cat voice, mouth in sync. Exaggerated cartoon expressions, warm lighting. No other characters speak in this scene. No other characters appear on camera unless described.",https://raw.githubusercontent.com/dkgrissom-tech/Ora-auto/main/brands/toolstack/assets/refs/milo_ref.png,queued,
RITA-D18-MOR,2026-10-08,morning,rita,There's a new food-delivery robot in the neighborhood.,"Cartoonish 3D animated vertical 9:16 video, Pixar-style. The reference image is the ONLY main character on camera in this scene: single clever raccoon, dark eye mask, small pink backpack. Character hides behind a bush watching a small delivery bot roll past, says the hook. The character speaks in a confident, mischievous female raccoon voice, mouth in sync. Exaggerated cartoon expressions, warm lighting. No other characters speak in this scene. No other characters appear on camera unless described.","Cartoonish 3D animated vertical 9:16 video, Pixar-style. The reference image is the ONLY main character on camera in this scene: single clever raccoon, dark eye mask, small pink backpack. Character sniffs its wheels and says: It smells like burritos and betrayal.. The character speaks in a confident, mischievous female raccoon voice, mouth in sync. Exaggerated cartoon expressions, warm lighting. No other characters speak in this scene. No other characters appear on camera unless described.","Cartoonish 3D animated vertical 9:16 video, Pixar-style. The reference image is the ONLY main character on camera in this scene: single clever raccoon, dark eye mask, small pink backpack. Character poses beside the bot with a burrito, grinning at camera, and says: Turns out its Achilles heel is a curb and a friendly smile.. The character speaks in a confident, mischievous female raccoon voice, mouth in sync. Exaggerated cartoon expressions, warm lighting. No other characters speak in this scene. No other characters appear on camera unless described.",https://raw.githubusercontent.com/dkgrissom-tech/Ora-auto/main/brands/toolstack/assets/refs/rita_ref.png,queued,
RITA-D18-EVE,2026-10-08,evening,rita,There's a new food-delivery robot in the neighborhood.,"Cartoonish 3D animated vertical 9:16 video, Pixar-style. The reference image is the ONLY main character on camera in this scene: single clever raccoon, dark eye mask, small pink backpack. Character hides behind a bush watching a small delivery bot roll past, says the hook. The character speaks in a confident, mischievous female raccoon voice, mouth in sync. Exaggerated cartoon expressions, warm lighting. No other characters speak in this scene. No other characters appear on camera unless described.","Cartoonish 3D animated vertical 9:16 video, Pixar-style. The reference image is the ONLY main character on camera in this scene: single clever raccoon, dark eye mask, small pink backpack. Character sniffs its wheels and says: It smells like burritos and betrayal.. The character speaks in a confident, mischievous female raccoon voice, mouth in sync. Exaggerated cartoon expressions, warm lighting. No other characters speak in this scene. No other characters appear on camera unless described.","Cartoonish 3D animated vertical 9:16 video, Pixar-style. The reference image is the ONLY main character on camera in this scene: single clever raccoon, dark eye mask, small pink backpack. Character poses beside the bot with a burrito, grinning at camera, and says: Turns out its Achilles heel is a curb and a friendly smile.. The character speaks in a confident, mischievous female raccoon voice, mouth in sync. Exaggerated cartoon expressions, warm lighting. No other characters speak in this scene. No other characters appear on camera unless described.",https://raw.githubusercontent.com/dkgrissom-tech/Ora-auto/main/brands/toolstack/assets/refs/rita_ref.png,queued,
BARKLEY-D19-MOR,2026-10-09,morning,barkley,The client wants me to tail her husband. He tails easy.,"Cartoonish 3D animated vertical 9:16 video, Pixar-style. The reference image is the ONLY main character on camera in this scene: single golden retriever detective, rumpled trench coat, fedora tilted low. Character leans against a lamppost in a rumpled trench coat, hardboiled, says the hook. The character speaks in a hardboiled, gravelly male dog voice, mouth in sync. Exaggerated cartoon expressions, warm lighting. No other characters speak in this scene. No other characters appear on camera unless described.","Cartoonish 3D animated vertical 9:16 video, Pixar-style. The reference image is the ONLY main character on camera in this scene: single golden retriever detective, rumpled trench coat, fedora tilted low. Character flips open a small notebook and says: Subject visited a florist, a bakery, and a jeweler. Something is very wrong.. The character speaks in a hardboiled, gravelly male dog voice, mouth in sync. Exaggerated cartoon expressions, warm lighting. No other characters speak in this scene. No other characters appear on camera unless described.","Cartoonish 3D animated vertical 9:16 video, Pixar-style. The reference image is the ONLY main character on camera in this scene: single golden retriever detective, rumpled trench coat, fedora tilted low. Character tips his hat toward the camera and says: Or very right. That's the problem with love — the paperwork is identical.. The character speaks in a hardboiled, gravelly male dog voice, mouth in sync. Exaggerated cartoon expressions, warm lighting. No other characters speak in this scene. No other characters appear on camera unless described.",https://raw.githubusercontent.com/dkgrissom-tech/Ora-auto/main/brands/toolstack/assets/refs/barkley_ref.png,queued,
BARKLEY-D19-EVE,2026-10-09,evening,barkley,The client wants me to tail her husband. He tails easy.,"Cartoonish 3D animated vertical 9:16 video, Pixar-style. The reference image is the ONLY main character on camera in this scene: single golden retriever detective, rumpled trench coat, fedora tilted low. Character leans against a lamppost in a rumpled trench coat, hardboiled, says the hook. The character speaks in a hardboiled, gravelly male dog voice, mouth in sync. Exaggerated cartoon expressions, warm lighting. No other characters speak in this scene. No other characters appear on camera unless described.","Cartoonish 3D animated vertical 9:16 video, Pixar-style. The reference image is the ONLY main character on camera in this scene: single golden retriever detective, rumpled trench coat, fedora tilted low. Character flips open a small notebook and says: Subject visited a florist, a bakery, and a jeweler. Something is very wrong.. The character speaks in a hardboiled, gravelly male dog voice, mouth in sync. Exaggerated cartoon expressions, warm lighting. No other characters speak in this scene. No other characters appear on camera unless described.","Cartoonish 3D animated vertical 9:16 video, Pixar-style. The reference image is the ONLY main character on camera in this scene: single golden retriever detective, rumpled trench coat, fedora tilted low. Character tips his hat toward the camera and says: Or very right. That's the problem with love — the paperwork is identical.. The character speaks in a hardboiled, gravelly male dog voice, mouth in sync. Exaggerated cartoon expressions, warm lighting. No other characters speak in this scene. No other characters appear on camera unless described.",https://raw.githubusercontent.com/dkgrissom-tech/Ora-auto/main/brands/toolstack/assets/refs/barkley_ref.png,queued,
MILO2-D20-MOR,2026-10-10,morning,milo2,Accounting flagged my snack expenses.,"Cartoonish 3D animated vertical 9:16 video, Pixar-style. The reference image is the ONLY main character on camera in this scene: single fluffy orange tabby cat, big green eyes, small white chest, loose sky-blue tie. Character sits with a printed spreadsheet titled 'Q3 SNACKS' in his paws, says the hook. The character speaks in a slightly whiny, deadpan, put-upon male cat voice, mouth in sync. Exaggerated cartoon expressions, warm lighting. No other characters speak in this scene. No other characters appear on camera unless described.","Cartoonish 3D animated vertical 9:16 video, Pixar-style. The reference image is the ONLY main character on camera in this scene: single fluffy orange tabby cat, big green eyes, small white chest, loose sky-blue tie. Character underlines a line item labeled TUNA-RELATED and says: These were, quote, 'team-building tuna'. Kevin ate three of them.. The character speaks in a slightly whiny, deadpan, put-upon male cat voice, mouth in sync. Exaggerated cartoon expressions, warm lighting. No other characters speak in this scene. No other characters appear on camera unless described.","Cartoonish 3D animated vertical 9:16 video, Pixar-style. The reference image is the ONLY main character on camera in this scene: single fluffy orange tabby cat, big green eyes, small white chest, loose sky-blue tie. Character leans toward the camera and says: The pigeon confirmed it in writing. In pigeon.. The character speaks in a slightly whiny, deadpan, put-upon male cat voice, mouth in sync. Exaggerated cartoon expressions, warm lighting. No other characters speak in this scene. No other characters appear on camera unless described.",https://raw.githubusercontent.com/dkgrissom-tech/Ora-auto/main/brands/toolstack/assets/refs/milo2_ref.png,queued,
MILO2-D20-EVE,2026-10-10,evening,milo2,Accounting flagged my snack expenses.,"Cartoonish 3D animated vertical 9:16 video, Pixar-style. The reference image is the ONLY main character on camera in this scene: single fluffy orange tabby cat, big green eyes, small white chest, loose sky-blue tie. Character sits with a printed spreadsheet titled 'Q3 SNACKS' in his paws, says the hook. The character speaks in a slightly whiny, deadpan, put-upon male cat voice, mouth in sync. Exaggerated cartoon expressions, warm lighting. No other characters speak in this scene. No other characters appear on camera unless described.","Cartoonish 3D animated vertical 9:16 video, Pixar-style. The reference image is the ONLY main character on camera in this scene: single fluffy orange tabby cat, big green eyes, small white chest, loose sky-blue tie. Character underlines a line item labeled TUNA-RELATED and says: These were, quote, 'team-building tuna'. Kevin ate three of them.. The character speaks in a slightly whiny, deadpan, put-upon male cat voice, mouth in sync. Exaggerated cartoon expressions, warm lighting. No other characters speak in this scene. No other characters appear on camera unless described.","Cartoonish 3D animated vertical 9:16 video, Pixar-style. The reference image is the ONLY main character on camera in this scene: single fluffy orange tabby cat, big green eyes, small white chest, loose sky-blue tie. Character leans toward the camera and says: The pigeon confirmed it in writing. In pigeon.. The character speaks in a slightly whiny, deadpan, put-upon male cat voice, mouth in sync. Exaggerated cartoon expressions, warm lighting. No other characters speak in this scene. No other characters appear on camera unless described.",https://raw.githubusercontent.com/dkgrissom-tech/Ora-auto/main/brands/toolstack/assets/refs/milo2_ref.png,queued,
MILO-D21-MOR,2026-10-11,morning,milo,There's a new intern. He's a golden retriever. I'm doomed.,"Cartoonish 3D animated vertical 9:16 video, Pixar-style. The reference image is the ONLY main character on camera in this scene: single fluffy orange tabby cat, big green eyes, small white chest, loose sky-blue tie. Character peeks around a cubicle at a golden retriever wagging his tail at everything, says the hook. The character speaks in a slightly whiny, deadpan, put-upon male cat voice, mouth in sync. Exaggerated cartoon expressions, warm lighting. No other characters speak in this scene. No other characters appear on camera unless described.","Cartoonish 3D animated vertical 9:16 video, Pixar-style. The reference image is the ONLY main character on camera in this scene: single fluffy orange tabby cat, big green eyes, small white chest, loose sky-blue tie. Character pulls up a shared calendar and says: He has already scheduled 'coffee chats' with six executives. He is nineteen.. The character speaks in a slightly whiny, deadpan, put-upon male cat voice, mouth in sync. Exaggerated cartoon expressions, warm lighting. No other characters speak in this scene. No other characters appear on camera unless described.","Cartoonish 3D animated vertical 9:16 video, Pixar-style. The reference image is the ONLY main character on camera in this scene: single fluffy orange tabby cat, big green eyes, small white chest, loose sky-blue tie. Character sighs at the camera and says: I've decided to mentor him. He's carrying my lunch by Friday.. The character speaks in a slightly whiny, deadpan, put-upon male cat voice, mouth in sync. Exaggerated cartoon expressions, warm lighting. No other characters speak in this scene. No other characters appear on camera unless described.",https://raw.githubusercontent.com/dkgrissom-tech/Ora-auto/main/brands/toolstack/assets/refs/milo_ref.png,queued,
MILO-D21-EVE,2026-10-11,evening,milo,There's a new intern. He's a golden retriever. I'm doomed.,"Cartoonish 3D animated vertical 9:16 video, Pixar-style. The reference image is the ONLY main character on camera in this scene: single fluffy orange tabby cat, big green eyes, small white chest, loose sky-blue tie. Character peeks around a cubicle at a golden retriever wagging his tail at everything, says the hook. The character speaks in a slightly whiny, deadpan, put-upon male cat voice, mouth in sync. Exaggerated cartoon expressions, warm lighting. No other characters speak in this scene. No other characters appear on camera unless described.","Cartoonish 3D animated vertical 9:16 video, Pixar-style. The reference image is the ONLY main character on camera in this scene: single fluffy orange tabby cat, big green eyes, small white chest, loose sky-blue tie. Character pulls up a shared calendar and says: He has already scheduled 'coffee chats' with six executives. He is nineteen.. The character speaks in a slightly whiny, deadpan, put-upon male cat voice, mouth in sync. Exaggerated cartoon expressions, warm lighting. No other characters speak in this scene. No other characters appear on camera unless described.","Cartoonish 3D animated vertical 9:16 video, Pixar-style. The reference image is the ONLY main character on camera in this scene: single fluffy orange tabby cat, big green eyes, small white chest, loose sky-blue tie. Character sighs at the camera and says: I've decided to mentor him. He's carrying my lunch by Friday.. The character speaks in a slightly whiny, deadpan, put-upon male cat voice, mouth in sync. Exaggerated cartoon expressions, warm lighting. No other characters speak in this scene. No other characters appear on camera unless described.",https://raw.githubusercontent.com/dkgrissom-tech/Ora-auto/main/brands/toolstack/assets/refs/milo_ref.png,queued,
RITA-D22-MOR,2026-10-12,morning,rita,Somebody put motion lights on my favorite fence.,"Cartoonish 3D animated vertical 9:16 video, Pixar-style. The reference image is the ONLY main character on camera in this scene: single clever raccoon, dark eye mask, small pink backpack. Character creeps toward a fence as a floodlight flicks on, freezes, says the hook. The character speaks in a confident, mischievous female raccoon voice, mouth in sync. Exaggerated cartoon expressions, warm lighting. No other characters speak in this scene. No other characters appear on camera unless described.","Cartoonish 3D animated vertical 9:16 video, Pixar-style. The reference image is the ONLY main character on camera in this scene: single clever raccoon, dark eye mask, small pink backpack. Character poses in the light like a magazine cover and says: If they wanted a photo shoot, they should have asked.. The character speaks in a confident, mischievous female raccoon voice, mouth in sync. Exaggerated cartoon expressions, warm lighting. No other characters speak in this scene. No other characters appear on camera unless described.","Cartoonish 3D animated vertical 9:16 video, Pixar-style. The reference image is the ONLY main character on camera in this scene: single clever raccoon, dark eye mask, small pink backpack. Character smirks at camera as the light goes dark, and says: My contract requires hair, makeup, and one uncovered bin.. The character speaks in a confident, mischievous female raccoon voice, mouth in sync. Exaggerated cartoon expressions, warm lighting. No other characters speak in this scene. No other characters appear on camera unless described.",https://raw.githubusercontent.com/dkgrissom-tech/Ora-auto/main/brands/toolstack/assets/refs/rita_ref.png,queued,
RITA-D22-EVE,2026-10-12,evening,rita,Somebody put motion lights on my favorite fence.,"Cartoonish 3D animated vertical 9:16 video, Pixar-style. The reference image is the ONLY main character on camera in this scene: single clever raccoon, dark eye mask, small pink backpack. Character creeps toward a fence as a floodlight flicks on, freezes, says the hook. The character speaks in a confident, mischievous female raccoon voice, mouth in sync. Exaggerated cartoon expressions, warm lighting. No other characters speak in this scene. No other characters appear on camera unless described.","Cartoonish 3D animated vertical 9:16 video, Pixar-style. The reference image is the ONLY main character on camera in this scene: single clever raccoon, dark eye mask, small pink backpack. Character poses in the light like a magazine cover and says: If they wanted a photo shoot, they should have asked.. The character speaks in a confident, mischievous female raccoon voice, mouth in sync. Exaggerated cartoon expressions, warm lighting. No other characters speak in this scene. No other characters appear on camera unless described.","Cartoonish 3D animated vertical 9:16 video, Pixar-style. The reference image is the ONLY main character on camera in this scene: single clever raccoon, dark eye mask, small pink backpack. Character smirks at camera as the light goes dark, and says: My contract requires hair, makeup, and one uncovered bin.. The character speaks in a confident, mischievous female raccoon voice, mouth in sync. Exaggerated cartoon expressions, warm lighting. No other characters speak in this scene. No other characters appear on camera unless described.",https://raw.githubusercontent.com/dkgrissom-tech/Ora-auto/main/brands/toolstack/assets/refs/rita_ref.png,queued,
BARKLEY-D23-MOR,2026-10-13,morning,barkley,The parrot witness recanted.,"Cartoonish 3D animated vertical 9:16 video, Pixar-style. The reference image is the ONLY main character on camera in this scene: single golden retriever detective, rumpled trench coat, fedora tilted low. Character sits across from a bird cage with an empty perch, deadpan, says the hook. The character speaks in a hardboiled, gravelly male dog voice, mouth in sync. Exaggerated cartoon expressions, warm lighting. No other characters speak in this scene. No other characters appear on camera unless described.","Cartoonish 3D animated vertical 9:16 video, Pixar-style. The reference image is the ONLY main character on camera in this scene: single golden retriever detective, rumpled trench coat, fedora tilted low. Character opens a file that says WITNESS: MR. FEATHERS and says: Yesterday she said 'the cat did it'. Today she says 'cracker'.. The character speaks in a hardboiled, gravelly male dog voice, mouth in sync. Exaggerated cartoon expressions, warm lighting. No other characters speak in this scene. No other characters appear on camera unless described.","Cartoonish 3D animated vertical 9:16 video, Pixar-style. The reference image is the ONLY main character on camera in this scene: single golden retriever detective, rumpled trench coat, fedora tilted low. Character adjusts his hat at camera and says: In this business, a witness with treats is not a witness. She's a suspect.. The character speaks in a hardboiled, gravelly male dog voice, mouth in sync. Exaggerated cartoon expressions, warm lighting. No other characters speak in this scene. No other characters appear on camera unless described.",https://raw.githubusercontent.com/dkgrissom-tech/Ora-auto/main/brands/toolstack/assets/refs/barkley_ref.png,queued,
BARKLEY-D23-EVE,2026-10-13,evening,barkley,The parrot witness recanted.,"Cartoonish 3D animated vertical 9:16 video, Pixar-style. The reference image is the ONLY main character on camera in this scene: single golden retriever detective, rumpled trench coat, fedora tilted low. Character sits across from a bird cage with an empty perch, deadpan, says the hook. The character speaks in a hardboiled, gravelly male dog voice, mouth in sync. Exaggerated cartoon expressions, warm lighting. No other characters speak in this scene. No other characters appear on camera unless described.","Cartoonish 3D animated vertical 9:16 video, Pixar-style. The reference image is the ONLY main character on camera in this scene: single golden retriever detective, rumpled trench coat, fedora tilted low. Character opens a file that says WITNESS: MR. FEATHERS and says: Yesterday she said 'the cat did it'. Today she says 'cracker'.. The character speaks in a hardboiled, gravelly male dog voice, mouth in sync. Exaggerated cartoon expressions, warm lighting. No other characters speak in this scene. No other characters appear on camera unless described.","Cartoonish 3D animated vertical 9:16 video, Pixar-style. The reference image is the ONLY main character on camera in this scene: single golden retriever detective, rumpled trench coat, fedora tilted low. Character adjusts his hat at camera and says: In this business, a witness with treats is not a witness. She's a suspect.. The character speaks in a hardboiled, gravelly male dog voice, mouth in sync. Exaggerated cartoon expressions, warm lighting. No other characters speak in this scene. No other characters appear on camera unless described.",https://raw.githubusercontent.com/dkgrissom-tech/Ora-auto/main/brands/toolstack/assets/refs/barkley_ref.png,queued,
MILO2-D24-MOR,2026-10-14,morning,milo2,The office plant has been reporting me.,"Cartoonish 3D animated vertical 9:16 video, Pixar-style. The reference image is the ONLY main character on camera in this scene: single fluffy orange tabby cat, big green eyes, small white chest, loose sky-blue tie. Character narrows his eyes at a small potted plant on his desk, says the hook. The character speaks in a slightly whiny, deadpan, put-upon male cat voice, mouth in sync. Exaggerated cartoon expressions, warm lighting. No other characters speak in this scene. No other characters appear on camera unless described.","Cartoonish 3D animated vertical 9:16 video, Pixar-style. The reference image is the ONLY main character on camera in this scene: single fluffy orange tabby cat, big green eyes, small white chest, loose sky-blue tie. Character leans in and whispers to the plant, then to camera: HR knew about the tuna within eleven minutes. Coincidence?. The character speaks in a slightly whiny, deadpan, put-upon male cat voice, mouth in sync. Exaggerated cartoon expressions, warm lighting. No other characters speak in this scene. No other characters appear on camera unless described.","Cartoonish 3D animated vertical 9:16 video, Pixar-style. The reference image is the ONLY main character on camera in this scene: single fluffy orange tabby cat, big green eyes, small white chest, loose sky-blue tie. Character sips from his mug and says: I've replaced the plant with an identical plant. The pigeon handled logistics.. The character speaks in a slightly whiny, deadpan, put-upon male cat voice, mouth in sync. Exaggerated cartoon expressions, warm lighting. No other characters speak in this scene. No other characters appear on camera unless described.",https://raw.githubusercontent.com/dkgrissom-tech/Ora-auto/main/brands/toolstack/assets/refs/milo2_ref.png,queued,
MILO2-D24-EVE,2026-10-14,evening,milo2,The office plant has been reporting me.,"Cartoonish 3D animated vertical 9:16 video, Pixar-style. The reference image is the ONLY main character on camera in this scene: single fluffy orange tabby cat, big green eyes, small white chest, loose sky-blue tie. Character narrows his eyes at a small potted plant on his desk, says the hook. The character speaks in a slightly whiny, deadpan, put-upon male cat voice, mouth in sync. Exaggerated cartoon expressions, warm lighting. No other characters speak in this scene. No other characters appear on camera unless described.","Cartoonish 3D animated vertical 9:16 video, Pixar-style. The reference image is the ONLY main character on camera in this scene: single fluffy orange tabby cat, big green eyes, small white chest, loose sky-blue tie. Character leans in and whispers to the plant, then to camera: HR knew about the tuna within eleven minutes. Coincidence?. The character speaks in a slightly whiny, deadpan, put-upon male cat voice, mouth in sync. Exaggerated cartoon expressions, warm lighting. No other characters speak in this scene. No other characters appear on camera unless described.","Cartoonish 3D animated vertical 9:16 video, Pixar-style. The reference image is the ONLY main character on camera in this scene: single fluffy orange tabby cat, big green eyes, small white chest, loose sky-blue tie. Character sips from his mug and says: I've replaced the plant with an identical plant. The pigeon handled logistics.. The character speaks in a slightly whiny, deadpan, put-upon male cat voice, mouth in sync. Exaggerated cartoon expressions, warm lighting. No other characters speak in this scene. No other characters appear on camera unless described.",https://raw.githubusercontent.com/dkgrissom-tech/Ora-auto/main/brands/toolstack/assets/refs/milo2_ref.png,queued,
MILO-D25-MOR,2026-10-15,morning,milo,Someone put a bell on me while I was asleep.,"Cartoonish 3D animated vertical 9:16 video, Pixar-style. The reference image is the ONLY main character on camera in this scene: single fluffy orange tabby cat, big green eyes, small white chest, loose sky-blue tie. Character sits up on a desk with a small bell around his neck jingling, deadpan to camera, says the hook. The character speaks in a slightly whiny, deadpan, put-upon male cat voice, mouth in sync. Exaggerated cartoon expressions, warm lighting. No other characters speak in this scene. No other characters appear on camera unless described.","Cartoonish 3D animated vertical 9:16 video, Pixar-style. The reference image is the ONLY main character on camera in this scene: single fluffy orange tabby cat, big green eyes, small white chest, loose sky-blue tie. Character walks two steps, jingles, sighs at camera and says: This is discrimination. Kevin doesn't have a bell. Kevin is a person.. The character speaks in a slightly whiny, deadpan, put-upon male cat voice, mouth in sync. Exaggerated cartoon expressions, warm lighting. No other characters speak in this scene. No other characters appear on camera unless described.","Cartoonish 3D animated vertical 9:16 video, Pixar-style. The reference image is the ONLY main character on camera in this scene: single fluffy orange tabby cat, big green eyes, small white chest, loose sky-blue tie. Character grins slowly at camera as the bell is now on the pigeon flying past, and says: Kevin's next.. The character speaks in a slightly whiny, deadpan, put-upon male cat voice, mouth in sync. Exaggerated cartoon expressions, warm lighting. No other characters speak in this scene. No other characters appear on camera unless described.",https://raw.githubusercontent.com/dkgrissom-tech/Ora-auto/main/brands/toolstack/assets/refs/milo_ref.png,queued,
MILO-D25-EVE,2026-10-15,evening,milo,Someone put a bell on me while I was asleep.,"Cartoonish 3D animated vertical 9:16 video, Pixar-style. The reference image is the ONLY main character on camera in this scene: single fluffy orange tabby cat, big green eyes, small white chest, loose sky-blue tie. Character sits up on a desk with a small bell around his neck jingling, deadpan to camera, says the hook. The character speaks in a slightly whiny, deadpan, put-upon male cat voice, mouth in sync. Exaggerated cartoon expressions, warm lighting. No other characters speak in this scene. No other characters appear on camera unless described.","Cartoonish 3D animated vertical 9:16 video, Pixar-style. The reference image is the ONLY main character on camera in this scene: single fluffy orange tabby cat, big green eyes, small white chest, loose sky-blue tie. Character walks two steps, jingles, sighs at camera and says: This is discrimination. Kevin doesn't have a bell. Kevin is a person.. The character speaks in a slightly whiny, deadpan, put-upon male cat voice, mouth in sync. Exaggerated cartoon expressions, warm lighting. No other characters speak in this scene. No other characters appear on camera unless described.","Cartoonish 3D animated vertical 9:16 video, Pixar-style. The reference image is the ONLY main character on camera in this scene: single fluffy orange tabby cat, big green eyes, small white chest, loose sky-blue tie. Character grins slowly at camera as the bell is now on the pigeon flying past, and says: Kevin's next.. The character speaks in a slightly whiny, deadpan, put-upon male cat voice, mouth in sync. Exaggerated cartoon expressions, warm lighting. No other characters speak in this scene. No other characters appear on camera unless described.",https://raw.githubusercontent.com/dkgrissom-tech/Ora-auto/main/brands/toolstack/assets/refs/milo_ref.png,queued,
RITA-D26-MOR,2026-10-16,morning,rita,The block launched a neighborhood watch app.,"Cartoonish 3D animated vertical 9:16 video, Pixar-style. The reference image is the ONLY main character on camera in this scene: single clever raccoon, dark eye mask, small pink backpack. Character peers at a phone with 47 notifications, says the hook. The character speaks in a confident, mischievous female raccoon voice, mouth in sync. Exaggerated cartoon expressions, warm lighting. No other characters speak in this scene. No other characters appear on camera unless described.","Cartoonish 3D animated vertical 9:16 video, Pixar-style. The reference image is the ONLY main character on camera in this scene: single clever raccoon, dark eye mask, small pink backpack. Character scrolls the app and says: I have my own tag now. It says: RACCOON — DO NOT ENGAGE. Rude. I engage plenty.. The character speaks in a confident, mischievous female raccoon voice, mouth in sync. Exaggerated cartoon expressions, warm lighting. No other characters speak in this scene. No other characters appear on camera unless described.","Cartoonish 3D animated vertical 9:16 video, Pixar-style. The reference image is the ONLY main character on camera in this scene: single clever raccoon, dark eye mask, small pink backpack. Character poses on a fence, grinning at camera, and says: I've reported myself twice. My reviews are excellent.. The character speaks in a confident, mischievous female raccoon voice, mouth in sync. Exaggerated cartoon expressions, warm lighting. No other characters speak in this scene. No other characters appear on camera unless described.",https://raw.githubusercontent.com/dkgrissom-tech/Ora-auto/main/brands/toolstack/assets/refs/rita_ref.png,queued,
RITA-D26-EVE,2026-10-16,evening,rita,The block launched a neighborhood watch app.,"Cartoonish 3D animated vertical 9:16 video, Pixar-style. The reference image is the ONLY main character on camera in this scene: single clever raccoon, dark eye mask, small pink backpack. Character peers at a phone with 47 notifications, says the hook. The character speaks in a confident, mischievous female raccoon voice, mouth in sync. Exaggerated cartoon expressions, warm lighting. No other characters speak in this scene. No other characters appear on camera unless described.","Cartoonish 3D animated vertical 9:16 video, Pixar-style. The reference image is the ONLY main character on camera in this scene: single clever raccoon, dark eye mask, small pink backpack. Character scrolls the app and says: I have my own tag now. It says: RACCOON — DO NOT ENGAGE. Rude. I engage plenty.. The character speaks in a confident, mischievous female raccoon voice, mouth in sync. Exaggerated cartoon expressions, warm lighting. No other characters speak in this scene. No other characters appear on camera unless described.","Cartoonish 3D animated vertical 9:16 video, Pixar-style. The reference image is the ONLY main character on camera in this scene: single clever raccoon, dark eye mask, small pink backpack. Character poses on a fence, grinning at camera, and says: I've reported myself twice. My reviews are excellent.. The character speaks in a confident, mischievous female raccoon voice, mouth in sync. Exaggerated cartoon expressions, warm lighting. No other characters speak in this scene. No other characters appear on camera unless described.",https://raw.githubusercontent.com/dkgrissom-tech/Ora-auto/main/brands/toolstack/assets/refs/rita_ref.png,queued,
BARKLEY-D27-MOR,2026-10-17,morning,barkley,The cat coalition offered me a bribe.,"Cartoonish 3D animated vertical 9:16 video, Pixar-style. The reference image is the ONLY main character on camera in this scene: single golden retriever detective, rumpled trench coat, fedora tilted low. Character sits at his desk with an envelope and a small tin of sardines, hardboiled, says the hook. The character speaks in a hardboiled, gravelly male dog voice, mouth in sync. Exaggerated cartoon expressions, warm lighting. No other characters speak in this scene. No other characters appear on camera unless described.","Cartoonish 3D animated vertical 9:16 video, Pixar-style. The reference image is the ONLY main character on camera in this scene: single golden retriever detective, rumpled trench coat, fedora tilted low. Character opens the envelope with a claw and says: Twelve sardines and a note that says 'walk away'. I've walked away for less.. The character speaks in a hardboiled, gravelly male dog voice, mouth in sync. Exaggerated cartoon expressions, warm lighting. No other characters speak in this scene. No other characters appear on camera unless described.","Cartoonish 3D animated vertical 9:16 video, Pixar-style. The reference image is the ONLY main character on camera in this scene: single golden retriever detective, rumpled trench coat, fedora tilted low. Character tips his hat at camera and says: But this time I'm not walking. I'm running. Toward the tuna.. The character speaks in a hardboiled, gravelly male dog voice, mouth in sync. Exaggerated cartoon expressions, warm lighting. No other characters speak in this scene. No other characters appear on camera unless described.",https://raw.githubusercontent.com/dkgrissom-tech/Ora-auto/main/brands/toolstack/assets/refs/barkley_ref.png,queued,
BARKLEY-D27-EVE,2026-10-17,evening,barkley,The cat coalition offered me a bribe.,"Cartoonish 3D animated vertical 9:16 video, Pixar-style. The reference image is the ONLY main character on camera in this scene: single golden retriever detective, rumpled trench coat, fedora tilted low. Character sits at his desk with an envelope and a small tin of sardines, hardboiled, says the hook. The character speaks in a hardboiled, gravelly male dog voice, mouth in sync. Exaggerated cartoon expressions, warm lighting. No other characters speak in this scene. No other characters appear on camera unless described.","Cartoonish 3D animated vertical 9:16 video, Pixar-style. The reference image is the ONLY main character on camera in this scene: single golden retriever detective, rumpled trench coat, fedora tilted low. Character opens the envelope with a claw and says: Twelve sardines and a note that says 'walk away'. I've walked away for less.. The character speaks in a hardboiled, gravelly male dog voice, mouth in sync. Exaggerated cartoon expressions, warm lighting. No other characters speak in this scene. No other characters appear on camera unless described.","Cartoonish 3D animated vertical 9:16 video, Pixar-style. The reference image is the ONLY main character on camera in this scene: single golden retriever detective, rumpled trench coat, fedora tilted low. Character tips his hat at camera and says: But this time I'm not walking. I'm running. Toward the tuna.. The character speaks in a hardboiled, gravelly male dog voice, mouth in sync. Exaggerated cartoon expressions, warm lighting. No other characters speak in this scene. No other characters appear on camera unless described.",https://raw.githubusercontent.com/dkgrissom-tech/Ora-auto/main/brands/toolstack/assets/refs/barkley_ref.png,queued,
MILO2-D28-MOR,2026-10-18,morning,milo2,My cat-boss wants me to lead the all-hands.,"Cartoonish 3D animated vertical 9:16 video, Pixar-style. The reference image is the ONLY main character on camera in this scene: single fluffy orange tabby cat, big green eyes, small white chest, loose sky-blue tie. Character reads an email at his laptop with growing horror, says the hook. The character speaks in a slightly whiny, deadpan, put-upon male cat voice, mouth in sync. Exaggerated cartoon expressions, warm lighting. No other characters speak in this scene. No other characters appear on camera unless described.","Cartoonish 3D animated vertical 9:16 video, Pixar-style. The reference image is the ONLY main character on camera in this scene: single fluffy orange tabby cat, big green eyes, small white chest, loose sky-blue tie. Character practices in a small mirror on his desk and says: 'Team, our synergy is up.' No it isn't. Kevin is asleep on the printer.. The character speaks in a slightly whiny, deadpan, put-upon male cat voice, mouth in sync. Exaggerated cartoon expressions, warm lighting. No other characters speak in this scene. No other characters appear on camera unless described.","Cartoonish 3D animated vertical 9:16 video, Pixar-style. The reference image is the ONLY main character on camera in this scene: single fluffy orange tabby cat, big green eyes, small white chest, loose sky-blue tie. Character sighs at camera and says: I've delegated the whole thing to the pigeon. He owes me a favor. And a report.. The character speaks in a slightly whiny, deadpan, put-upon male cat voice, mouth in sync. Exaggerated cartoon expressions, warm lighting. No other characters speak in this scene. No other characters appear on camera unless described.",https://raw.githubusercontent.com/dkgrissom-tech/Ora-auto/main/brands/toolstack/assets/refs/milo2_ref.png,queued,
MILO2-D28-EVE,2026-10-18,evening,milo2,My cat-boss wants me to lead the all-hands.,"Cartoonish 3D animated vertical 9:16 video, Pixar-style. The reference image is the ONLY main character on camera in this scene: single fluffy orange tabby cat, big green eyes, small white chest, loose sky-blue tie. Character reads an email at his laptop with growing horror, says the hook. The character speaks in a slightly whiny, deadpan, put-upon male cat voice, mouth in sync. Exaggerated cartoon expressions, warm lighting. No other characters speak in this scene. No other characters appear on camera unless described.","Cartoonish 3D animated vertical 9:16 video, Pixar-style. The reference image is the ONLY main character on camera in this scene: single fluffy orange tabby cat, big green eyes, small white chest, loose sky-blue tie. Character practices in a small mirror on his desk and says: 'Team, our synergy is up.' No it isn't. Kevin is asleep on the printer.. The character speaks in a slightly whiny, deadpan, put-upon male cat voice, mouth in sync. Exaggerated cartoon expressions, warm lighting. No other characters speak in this scene. No other characters appear on camera unless described.","Cartoonish 3D animated vertical 9:16 video, Pixar-style. The reference image is the ONLY main character on camera in this scene: single fluffy orange tabby cat, big green eyes, small white chest, loose sky-blue tie. Character sighs at camera and says: I've delegated the whole thing to the pigeon. He owes me a favor. And a report.. The character speaks in a slightly whiny, deadpan, put-upon male cat voice, mouth in sync. Exaggerated cartoon expressions, warm lighting. No other characters speak in this scene. No other characters appear on camera unless described.",https://raw.githubusercontent.com/dkgrissom-tech/Ora-auto/main/brands/toolstack/assets/refs/milo2_ref.png,queued,
MILO-D29-MOR,2026-10-19,morning,milo,There's a new office rule about 'personal fragrances'.,"Cartoonish 3D animated vertical 9:16 video, Pixar-style. The reference image is the ONLY main character on camera in this scene: single fluffy orange tabby cat, big green eyes, small white chest, loose sky-blue tie. Character reads a memo pinned to his cubicle, deadpan to camera, says the hook. The character speaks in a slightly whiny, deadpan, put-upon male cat voice, mouth in sync. Exaggerated cartoon expressions, warm lighting. No other characters speak in this scene. No other characters appear on camera unless described.","Cartoonish 3D animated vertical 9:16 video, Pixar-style. The reference image is the ONLY main character on camera in this scene: single fluffy orange tabby cat, big green eyes, small white chest, loose sky-blue tie. Character sniffs his own tie and says: This is my natural musk. It's expensive. It's fish.. The character speaks in a slightly whiny, deadpan, put-upon male cat voice, mouth in sync. Exaggerated cartoon expressions, warm lighting. No other characters speak in this scene. No other characters appear on camera unless described.","Cartoonish 3D animated vertical 9:16 video, Pixar-style. The reference image is the ONLY main character on camera in this scene: single fluffy orange tabby cat, big green eyes, small white chest, loose sky-blue tie. Character leans on his desk and says: I've filed a complaint. Kevin agreed to sign it. Kevin will sign anything.. The character speaks in a slightly whiny, deadpan, put-upon male cat voice, mouth in sync. Exaggerated cartoon expressions, warm lighting. No other characters speak in this scene. No other characters appear on camera unless described.",https://raw.githubusercontent.com/dkgrissom-tech/Ora-auto/main/brands/toolstack/assets/refs/milo_ref.png,queued,
MILO-D29-EVE,2026-10-19,evening,milo,There's a new office rule about 'personal fragrances'.,"Cartoonish 3D animated vertical 9:16 video, Pixar-style. The reference image is the ONLY main character on camera in this scene: single fluffy orange tabby cat, big green eyes, small white chest, loose sky-blue tie. Character reads a memo pinned to his cubicle, deadpan to camera, says the hook. The character speaks in a slightly whiny, deadpan, put-upon male cat voice, mouth in sync. Exaggerated cartoon expressions, warm lighting. No other characters speak in this scene. No other characters appear on camera unless described.","Cartoonish 3D animated vertical 9:16 video, Pixar-style. The reference image is the ONLY main character on camera in this scene: single fluffy orange tabby cat, big green eyes, small white chest, loose sky-blue tie. Character sniffs his own tie and says: This is my natural musk. It's expensive. It's fish.. The character speaks in a slightly whiny, deadpan, put-upon male cat voice, mouth in sync. Exaggerated cartoon expressions, warm lighting. No other characters speak in this scene. No other characters appear on camera unless described.","Cartoonish 3D animated vertical 9:16 video, Pixar-style. The reference image is the ONLY main character on camera in this scene: single fluffy orange tabby cat, big green eyes, small white chest, loose sky-blue tie. Character leans on his desk and says: I've filed a complaint. Kevin agreed to sign it. Kevin will sign anything.. The character speaks in a slightly whiny, deadpan, put-upon male cat voice, mouth in sync. Exaggerated cartoon expressions, warm lighting. No other characters speak in this scene. No other characters appear on camera unless described.",https://raw.githubusercontent.com/dkgrissom-tech/Ora-auto/main/brands/toolstack/assets/refs/milo_ref.png,queued,
RITA-D30-MOR,2026-10-20,morning,rita,The city put out those fake owl statues to scare us.,"Cartoonish 3D animated vertical 9:16 video, Pixar-style. The reference image is the ONLY main character on camera in this scene: single clever raccoon, dark eye mask, small pink backpack. Character sits eye-to-eye with a fake plastic owl, unimpressed, says the hook. The character speaks in a confident, mischievous female raccoon voice, mouth in sync. Exaggerated cartoon expressions, warm lighting. No other characters speak in this scene. No other characters appear on camera unless described.","Cartoonish 3D animated vertical 9:16 video, Pixar-style. The reference image is the ONLY main character on camera in this scene: single clever raccoon, dark eye mask, small pink backpack. Character boops the owl on the beak and says: You have the same expression at midnight as you do at noon. You're not an owl. You're a stapler.. The character speaks in a confident, mischievous female raccoon voice, mouth in sync. Exaggerated cartoon expressions, warm lighting. No other characters speak in this scene. No other characters appear on camera unless described.","Cartoonish 3D animated vertical 9:16 video, Pixar-style. The reference image is the ONLY main character on camera in this scene: single clever raccoon, dark eye mask, small pink backpack. Character poses on top of the owl and says: The trash can beneath you is now mine. Congratulations on your promotion, stapler.. The character speaks in a confident, mischievous female raccoon voice, mouth in sync. Exaggerated cartoon expressions, warm lighting. No other characters speak in this scene. No other characters appear on camera unless described.",https://raw.githubusercontent.com/dkgrissom-tech/Ora-auto/main/brands/toolstack/assets/refs/rita_ref.png,queued,
RITA-D30-EVE,2026-10-20,evening,rita,The city put out those fake owl statues to scare us.,"Cartoonish 3D animated vertical 9:16 video, Pixar-style. The reference image is the ONLY main character on camera in this scene: single clever raccoon, dark eye mask, small pink backpack. Character sits eye-to-eye with a fake plastic owl, unimpressed, says the hook. The character speaks in a confident, mischievous female raccoon voice, mouth in sync. Exaggerated cartoon expressions, warm lighting. No other characters speak in this scene. No other characters appear on camera unless described.","Cartoonish 3D animated vertical 9:16 video, Pixar-style. The reference image is the ONLY main character on camera in this scene: single clever raccoon, dark eye mask, small pink backpack. Character boops the owl on the beak and says: You have the same expression at midnight as you do at noon. You're not an owl. You're a stapler.. The character speaks in a confident, mischievous female raccoon voice, mouth in sync. Exaggerated cartoon expressions, warm lighting. No other characters speak in this scene. No other characters appear on camera unless described.","Cartoonish 3D animated vertical 9:16 video, Pixar-style. The reference image is the ONLY main character on camera in this scene: single clever raccoon, dark eye mask, small pink backpack. Character poses on top of the owl and says: The trash can beneath you is now mine. Congratulations on your promotion, stapler.. The character speaks in a confident, mischievous female raccoon voice, mouth in sync. Exaggerated cartoon expressions, warm lighting. No other characters speak in this scene. No other characters appear on camera unless described.",https://raw.githubusercontent.com/dkgrissom-tech/Ora-auto/main/brands/toolstack/assets/refs/rita_ref.png,queued,
